n,opt_cut_mean,opt_cut_std,opt_cut_count,rand_cut_mean,rand_cut_std,local_cut_mean,local_cut_std,qaoa_best_cut_mean,qaoa_best_cut_std,rand_time_mean,rand_time_std,local_time_mean,local_time_std,qaoa_sim_time_mean,qaoa_sim_time_std,opt_time_mean,opt_time_std,opt_cut_sem,rand_cut_sem,local_cut_sem,qaoa_best_cut_sem,rand_time_sem,local_time_sem,qaoa_sim_time_sem,opt_time_sem
6,5.2,2.7748873851023217,5,5.2,2.7748873851023217,3.6,3.0495901363953815,5.2,2.7748873851023217,0.10210928916931153,0.011695966127228537,8.978843688964844e-05,1.8087314023082817e-05,0.29178385734558104,0.055498063470652864,0.0012806415557861327,0.00032975558956543265,1.2409673645990857,1.2409673645990857,1.3638181696985856,1.2409673645990857,0.005230595064603593,8.088892737199675e-06,0.024819488507995542,0.00014747118284576553
8,17.6,4.03732584763727,5,17.6,4.03732584763727,11.4,3.974921382870358,17.6,4.03732584763727,0.1248856544494629,0.00788455800072043,0.00021429061889648436,0.00015697789580219727,0.34292826652526853,0.08779083158492475,0.00738525390625,0.002033801757345011,1.8055470085267786,1.8055470085267786,1.7776388834631176,1.8055470085267786,0.0035260815324301437,7.020264919571839e-05,0.039261253445025464,0.0009095437964363953
10,25.2,4.658325879540846,5,25.2,4.658325879540846,19.8,5.403702434442518,24.8,4.43846820423443,0.127543306350708,0.005371324645832172,0.00022673606872558594,1.7712911968454817e-05,0.2957812786102295,0.01584706128280448,0.03580002784729004,0.0015810119108020416,2.0832666655999654,2.0832666655999654,2.416609194718914,1.9849433241279208,0.0024021294074601436,7.921455048186915e-06,0.007087021254391167,0.0007070500211580398
22,,,0,95.0,13.114877048604,73.0,21.702534414210707,95.0,13.076696830622021,0.20165077845255533,0.036680553294919586,0.0014583269755045574,0.0006022812120838949,1.0021288394927979,0.1217445513705496,,,,5.865151319446071,9.705668446840743,5.848076606885378,0.016404042123948817,0.00026934834635811134,0.05444581855095282,
