n,opt_cut_mean,opt_cut_std,rand_cut_mean,rand_cut_std,local_cut_mean,local_cut_std,qaoa_best_cut_mean,qaoa_best_cut_std,rand_time_mean,rand_time_std,local_time_mean,local_time_std,qaoa_total_time_mean,qaoa_total_time_std,opt_time_mean,opt_time_std,count,opt_cut_sem,rand_cut_sem,local_cut_sem,qaoa_best_cut_sem,rand_time_sem,local_time_sem,qaoa_total_time_sem,opt_time_sem
5,11.0,9.055385138137417,11.0,9.055385138137417,7.0,5.385164807134504,11.0,9.055385138137417,0.09263215065002442,0.018966424094140275,7.538795471191406e-05,1.0567888390583499e-05,0.3944352626800537,0.049719093473892445,0.0006799697875976562,0.00013771918562445544,5,4.049691346263318,4.049691346263318,2.408318915758459,4.049691346263318,0.008482042712917505,4.72610336399511e-06,0.022235054557457935,6.158989217243883e-05
7,39.2,13.405222862750175,39.2,13.405222862750175,30.2,12.11197754291181,38.4,13.164345787011218,0.11449756622314453,0.004294108170710113,0.00011396408081054688,3.770482602676756e-05,0.5117124557495117,0.04084420265731993,0.0037810802459716797,0.0016829751421055636,5,5.994997914928745,5.994997914928745,5.416641025580336,5.88727441181401,0.0019203835544890169,1.686211081513111e-05,0.018266082725708982,0.0007526493644380817
9,54.0,6.4031242374328485,54.0,6.4031242374328485,34.4,1.816590212458495,53.8,6.379655163094632,0.1352597713470459,0.018894543861379183,0.00016984939575195312,3.649035102778069e-05,0.7977289676666259,0.3142198462737868,0.02156238555908203,0.002532153719029725,5,2.8635642126552705,2.8635642126552705,0.8124038404635959,2.8530685235374205,0.008449896895579043,1.631898108418939e-05,0.14052338722954424,0.0011324135690458737
