n,opt_cut_mean,opt_cut_std,rand_cut_mean,rand_cut_std,local_cut_mean,local_cut_std,qaoa_best_cut_mean,qaoa_best_cut_std,rand_time_mean,rand_time_std,local_time_mean,local_time_std,qaoa_total_time_mean,qaoa_total_time_std,opt_time_mean,opt_time_std,count,opt_cut_sem,rand_cut_sem,local_cut_sem,qaoa_best_cut_sem,rand_time_sem,local_time_sem,qaoa_total_time_sem,opt_time_sem
5,16.6,6.54217089351845,16.6,6.54217089351845,12.8,8.757853618324527,16.6,6.54217089351845,0.14347419738769532,0.01740723664697025,0.0005646705627441406,0.0009393382581707031,1.0277626037597656,0.3552779521498676,0.0016849994659423827,0.00038967383764804505,5,2.9257477676655586,2.9257477676655586,3.9166312055132275,2.9257477676655586,0.007784752888610197,0.00042008483982718787,0.1588851303828043,0.00017426743800684908
10,62.4,9.01665126307988,62.4,9.01665126307988,45.6,5.128352561983234,61.4,8.706319543871567,0.20702157020568848,0.044502918322295415,0.0004352092742919922,0.000134920018531216,1.7278683185577393,0.6288360597359987,0.06095943450927734,0.00821764395827442,5,4.03236903073119,4.03236903073119,2.2934689882359427,3.8935844667863573,0.019902310113154686,6.0338066592266055e-05,0.2812240352545623,0.0036750421011184095
15,157.2,15.578831791889922,153.6,16.04057355583023,120.0,15.858751527153705,146.2,16.917446615846025,0.28325843811035156,0.01134153065965688,0.0012319564819335937,0.0005653256295165368,2.2104043483734133,0.21205929992053116,4.165717601776123,0.2708802653998468,5,6.967065379340144,7.173562573784381,7.092249290598857,7.565712127751096,0.005072086704778163,0.00025282130740436756,0.09483580197666468,0.12114133743944833
20,,,236.8,7.628892449104264,190.4,9.181503144910423,227.6,10.237187113655784,0.4348770618438721,0.09672447005635744,0.0016511917114257813,0.0005178675901354287,3.9897361278533934,0.25340215310723163,,,5,0.0,3.4117444218463975,4.106093033529561,4.57820925690384,0.04325649802673163,0.0002315974269773636,0.1133248879985159,0.0
25,,,323.0,31.232995373482833,284.8,34.61502563916428,312.6,43.08480010398098,0.6187932968139649,0.11779440645273305,0.004861164093017578,0.000968260873906205,24.348958444595336,2.6158172004077533,,,5,0.0,13.96782015920881,15.480310074413886,19.268108365898296,0.05267926003951019,0.0004330194268015253,1.1698290153649853,0.0
