n,opt_cut_mean,opt_cut_std,rand_cut_mean,rand_cut_std,local_cut_mean,local_cut_std,qaoa_best_cut_mean,qaoa_best_cut_std,rand_time_mean,rand_time_std,local_time_mean,local_time_std,qaoa_total_time_mean,qaoa_total_time_std,opt_time_mean,opt_time_std,count,opt_cut_sem,rand_cut_sem,local_cut_sem,qaoa_best_cut_sem,rand_time_sem,local_time_sem,qaoa_total_time_sem,opt_time_sem
5,10.2,6.833739825307955,10.2,6.833739825307955,6.4,4.61519230368573,10.2,6.833739825307955,0.1230778694152832,0.021206521595145952,0.00011725425720214844,4.1630300799075636e-05,1.1211600303649902,0.9319520440675695,0.0010207176208496093,0.00032514042092509314,5,3.056141357987225,3.056141357987225,2.063976744055029,3.056141357987225,0.009483844770612725,1.8617636502099387e-05,0.416781624460993,0.00014540721668428067
10,64.8,27.16983621592151,64.8,27.16983621592151,53.2,29.201027379186506,63.8,27.344103569142653,0.2193249225616455,0.07285351557423614,0.0007471084594726562,0.0009338883225111057,0.8721276760101319,0.07592267158546803,0.06377501487731933,0.03572611243483719,5,12.150720143267229,12.150720143267229,13.05909644653871,12.228654872879519,0.03258108264476633,0.0004176475545056159,0.033953650939699646,0.015977203195219298
15,140.8,22.631835983852483,139.2,22.796929617823537,102.4,15.339491516996253,132.2,20.945166506857852,0.1874758243560791,0.024202001545766995,0.0005694389343261719,0.00016177044072788064,1.415407943725586,0.293482369434729,2.4055978775024416,0.44803421288628253,5,10.121264743103996,10.195096860746345,6.860029154456998,9.366963221877194,0.010823464129577997,7.234594044352834e-05,0.1312493056507521,0.200366991251868
20,,,225.6,25.890152568109755,180.0,34.590461112855955,209.0,20.54263858417414,0.29507946968078613,0.05694077548079475,0.001311016082763672,0.0005026810898810191,2.5094720840454103,0.464510225462366,,,5,0.0,11.578428218026833,15.469324484281787,9.186947262284681,0.025464688933322065,0.00022480581759552808,0.2077352880755208,0.0
25,,,354.8,32.47614509143596,295.4,17.78482499211055,335.4,30.013330371686514,0.4641256809234619,0.16223725380043913,0.00511021614074707,0.00684989563564594,18.53706274032593,7.406413469741354,,,5,0.0,14.523773614319385,7.95361553005927,13.422369388450015,0.0725547055961336,0.0030633664560166906,3.31224879756235,0.0
